Número SR,Serviço,Issue Type,Status,Severidade,Criado_dt,Atualizado_dt,Contato Primário,Gerado_em
4-0001614985,Oracle Supply Planning Cloud Service,Significant Impairment,Review Update,2-Significant,"Dec 17, 2025",Today 2:37 PM,larissa.amandio@ninecon.com.br,2025-12-31 23:59:00
4-0001527595,Oracle Fusion Self Service Procurement Cloud Service,Technical Issue,Customer Working,3-Standard,"Dec 9, 2025",Today 2:08 PM,vera.aveiro@ninecon.com.br,2025-12-31 23:59:00
4-0001607193,Oracle Fusion Order Management Cloud Service,Significant Impairment,Development Working,2-Significant,"Dec 16, 2025",Today 12:42 PM,alex.pagliarini@ninecon.com.br,2025-12-31 23:59:00
4-0001231157,Oracle Fusion Self Service Procurement Cloud Service,Technical Issue,Closed,3-Standard,"Nov 5, 2025",Today 11:47 AM,vanessa.chiochetta@ninecon.com.br,2025-12-31 23:59:00
4-0001325729,Oracle Fusion Inventory Management Cloud Service,Significant Impairment,Review Update,2-Significant,"Dec 5, 2025",Today 9:24 AM,antonio.sobrinho@ninecon.com.br,2025-12-31 23:59:00
4-0001696974,Oracle Fusion Global Human Resources Cloud Service,General Guidance,Customer Working,4-Minimal,"Dec 29, 2025",Today 6:44 AM,braulio.filho@ninecon.com.br,2025-12-31 23:59:00
4-0001325643,Oracle Fusion Purchasing Cloud Service,Significant Impairment,Customer Working,2-Significant,"Dec 5, 2025",Today 3:43 AM,alisson.gomide@ninecon.com.br,2025-12-31 23:59:00
4-0001245944,Autonomous Database Serverless,Significant Impairment,Development Working,2-Significant,"Nov 10, 2025",Today 12:17 AM,bruno.petroveski@ninecon.com.br,2025-12-31 23:59:00
4-0001022047,Oracle Fusion Cost Management Cloud Service,Technical Issue,Closed,3-Standard,"Aug 29, 2025",Yesterday 11:12 PM,rosangela.nakano@ninecon.com.br,2025-12-31 23:59:00
4-0001607105,Oracle Fusion Tax Cloud Service,Significant Impairment,Solution Offered,2-Significant,"Dec 16, 2025",Yesterday 8:10 PM,leonardo.guilherme@ninecon.com.br,2025-12-31 23:59:00
4-0001410523,Oracle Fusion Inventory Management Cloud Service,Technical Issue,Pending Final Closure,3-Standard,"Dec 6, 2025",Yesterday 7:30 PM,vera.aveiro@ninecon.com.br,2025-12-31 23:59:00
4-0001643212,Oracle Fusion Tax Cloud Service,Significant Impairment,Closed,2-Significant,"Dec 19, 2025",Yesterday 7:12 PM,leonardo.guilherme@ninecon.com.br,2025-12-31 23:59:00
4-0001167123,Oracle Fusion Cost Management Cloud Service,Significant Impairment,Customer Working,2-Significant,"Oct 15, 2025",Yesterday 3:15 PM,rosangela.nakano@ninecon.com.br,2025-12-31 23:59:00
4-0001656802,Oracle Integration 3,Technical Issue,Customer Working,3-Standard,"Dec 21, 2025",Yesterday 12:59 PM,william.alineri@ninecon.com.br,2025-12-31 23:59:00
4-0001605217,Oracle Fusion Tax Cloud Service,General Guidance,Closed,4-Minimal,"Dec 16, 2025",Yesterday 8:42 AM,leonardo.guilherme@ninecon.com.br,2025-12-31 23:59:00
4-0001606629,Oracle Fusion Tax Cloud Service,Significant Impairment,Pending Final Closure,2-Significant,"Dec 16, 2025","Jan 4, 2026",leonardo.guilherme@ninecon.com.br,2025-12-31 23:59:00
4-0001318616,Oracle Fusion Tax Cloud Service,Significant Impairment,Closed,2-Significant,"Dec 3, 2025","Jan 4, 2026",wendel.andrade@ninecon.com.br,2025-12-31 23:59:00
4-0001618723,Oracle Fusion Self Service Procurement Cloud Service,Technical Issue,Closed,3-Standard,"Dec 17, 2025","Jan 1, 2026",vanessa.chiochetta@ninecon.com.br,2025-12-31 23:59:00
4-0001618133,Oracle Fusion Self Service Procurement Cloud Service,Technical Issue,Closed,3-Standard,"Dec 17, 2025","Jan 1, 2026",vanessa.chiochetta@ninecon.com.br,2025-12-31 23:59:00
4-0001707382,Oracle Fusion Product Development Cloud Service,Significant Impairment,Work in Progress,2-Significant,"Dec 31, 2025","Dec 31, 2025",larissa.amandio@ninecon.com.br,2025-12-31 23:59:00
4-0001322639,Oracle Fusion Product Development Cloud Service,Significant Impairment,Review Update,2-Significant,"Dec 4, 2025","Dec 31, 2025",rubi.velez@ninecon.com.br,2025-12-31 23:59:00
4-0001276929,Oracle Fusion Cost Management Cloud Service,Significant Impairment,Development Working,2-Significant,"Nov 19, 2025","Dec 31, 2025",larissa.amandio@ninecon.com.br,2025-12-31 23:59:00
4-0001614256,OCI Application Performance Monitoring Service,Significant Impairment,Closed,2-Significant,"Dec 17, 2025","Dec 30, 2025",jair.santos@plumaagro.com.br,2025-12-31 23:59:00
4-0001200595,Oracle Fusion Inventory Management Cloud Service,Significant Impairment,Review Update,2-Significant,"Oct 27, 2025","Dec 29, 2025",jean.bejes@ninecon.com.br,2025-12-31 23:59:00
4-0001213719,Oracle Fusion Assets Cloud Service,Significant Impairment,Closed,2-Significant,"Oct 30, 2025","Dec 29, 2025",ti@plumaagroavicola.com.br,2025-12-31 23:59:00
4-0001568726,Oracle Fusion Expenses Cloud Service,Significant Impairment,Closed,2-Significant,"Dec 11, 2025","Dec 28, 2025",jean.bejes@ninecon.com.br,2025-12-31 23:59:00
4-0001172129,Oracle Fusion Inventory Management Cloud Service,Significant Impairment,Closed,2-Significant,"Oct 16, 2025","Dec 28, 2025",jean.bejes@ninecon.com.br,2025-12-31 23:59:00
4-0001295045,Oracle Enterprise Data Management Cloud Service,Significant Impairment,Closed,2-Significant,"Nov 25, 2025","Dec 26, 2025",ti@plumaagroavicola.com.br,2025-12-31 23:59:00
4-0001273381,Oracle Fusion Inventory Management Cloud Service,Technical Issue,Closed,3-Standard,"Nov 18, 2025","Dec 25, 2025",braulio.filho@ninecon.com.br,2025-12-31 23:59:00
4-0001468072,Latin America Cloud Local Solution (LACLS),Significant Impairment,Closed,2-Significant,"Dec 8, 2025","Dec 23, 2025",wendel.andrade@ninecon.com.br,2025-12-31 23:59:00
4-0001606865,Oracle Fusion Performance Management Cloud Service,Significant Impairment,Closed,2-Significant,"Dec 16, 2025","Dec 23, 2025",jair.santos@plumaagro.com.br,2025-12-31 23:59:00
4-0001545992,Oracle Fusion Assets Cloud Service,Significant Impairment,Closed,2-Significant,"Dec 9, 2025","Dec 23, 2025",roberto.costa@ninecon.com.br,2025-12-31 23:59:00
4-0001615348,Oracle Fusion Receivables Cloud Service,Significant Impairment,Review Update,2-Significant,"Dec 17, 2025","Dec 22, 2025",wendel.andrade@ninecon.com.br,2025-12-31 23:59:00
4-0001304593,Oracle Fusion Inventory Management Cloud Service,Significant Impairment,Development Working,2-Significant,"Nov 28, 2025","Dec 22, 2025",abner.goncalves@ninecon.com.br,2025-12-31 23:59:00
4-0001320861,Oracle Fusion Project Costing Cloud Service,Significant Impairment,Closed,2-Significant,"Dec 4, 2025","Dec 22, 2025",jean.bejes@ninecon.com.br,2025-12-31 23:59:00
4-0001518456,Oracle Fusion Purchasing Cloud Service,Technical Issue,Closed,3-Standard,"Dec 9, 2025","Dec 22, 2025",mateus.fetzner@plumaagro.com.br,2025-12-31 23:59:00
4-0001291352,Oracle Data Transforms,Significant Impairment,Closed,2-Significant,"Nov 24, 2025","Dec 21, 2025",bruno.petroveski@ninecon.com.br,2025-12-31 23:59:00
4-0001239613,Latin America Cloud Local Solution (LACLS),Significant Impairment,Closed,2-Significant,"Nov 7, 2025","Dec 15, 2025",vera.aveiro@ninecon.com.br,2025-12-31 23:59:00
4-0001322350,Oracle Transportation Management Cloud Service,Technical Issue,Closed,3-Standard,"Dec 4, 2025","Dec 14, 2025",douglas.sampaio@ninecon.com.br,2025-12-31 23:59:00
4-0001324843,Oracle APEX in Cloud,Critical Outage,Closed,1-Critical,"Dec 5, 2025","Dec 11, 2025",bruno.petroveski@ninecon.com.br,2025-12-31 23:59:00
4-0001267581,Oracle Cloud Infrastructure - API Gateway,Technical Issue,Closed,3-Standard,"Nov 17, 2025","Dec 11, 2025",bruno.petroveski@ninecon.com.br,2025-12-31 23:59:00
4-0001301478,Oracle Transportation Management Cloud Service,Technical Issue,Closed,3-Standard,"Nov 27, 2025","Dec 7, 2025",douglas.sampaio@ninecon.com.br,2025-12-31 23:59:00
4-0000868052,Oracle Transportation Management Cloud Service,Significant Impairment,Closed,2-Significant,"Jul 14, 2025","Nov 28, 2025",ti@plumaagroavicola.com.br,2025-12-31 23:59:00
4-0001183648,Oracle Fusion Tax Cloud Service,Significant Impairment,Closed,2-Significant,"Oct 22, 2025","Nov 23, 2025",leonardo.guilherme@ninecon.com.br,2025-12-31 23:59:00
4-0001238775,Oracle Fusion Assets Cloud Service,Technical Issue,Closed,3-Standard,"Nov 7, 2025","Nov 22, 2025",jair.santos@plumaagro.com.br,2025-12-31 23:59:00
4-0001163280,Oracle Fusion Global Human Resources Cloud Service,Technical Issue,Closed,3-Standard,"Oct 14, 2025","Nov 19, 2025",braulio.filho@ninecon.com.br,2025-12-31 23:59:00
4-0001207612,Oracle Fusion Order Management Cloud Service,Technical Issue,Closed,3-Standard,"Oct 29, 2025","Nov 18, 2025",wendel.andrade@ninecon.com.br,2025-12-31 23:59:00
4-0001159010,Latin America Cloud Local Solution (LACLS),Significant Impairment,Closed,2-Significant,"Oct 13, 2025","Nov 13, 2025",vera.aveiro@ninecon.com.br,2025-12-31 23:59:00
4-0001231285,Oracle Fusion Self Service Procurement Cloud Service,Technical Issue,Closed,3-Standard,"Nov 5, 2025","Nov 12, 2025",vanessa.chiochetta@ninecon.com.br,2025-12-31 23:59:00
4-0001208778,Oracle Transportation Management Cloud Service,Technical Issue,Closed,3-Standard,"Oct 29, 2025","Nov 12, 2025",vanessa.breseghello@ninecon.com.br,2025-12-31 23:59:00
4-0001191272,Oracle Transportation Management Cloud Service,Significant Impairment,Closed,2-Significant,"Oct 23, 2025","Nov 5, 2025",bruno.petroveski@ninecon.com.br,2025-12-31 23:59:00
4-0001126390,Latin America Cloud Local Solution (LACLS),Significant Impairment,Closed,2-Significant,"Oct 2, 2025","Oct 29, 2025",leonardo.guilherme@ninecon.com.br,2025-12-31 23:59:00
4-0001142381,Oracle Fusion Purchasing Cloud Service,Technical Issue,Closed,3-Standard,"Oct 8, 2025","Oct 26, 2025",alisson.gomide@ninecon.com.br,2025-12-31 23:59:00
4-0001104891,Oracle Fusion Cost Management Cloud Service,Technical Issue,Closed,3-Standard,"Sep 25, 2025","Oct 23, 2025",ti@plumaagroavicola.com.br,2025-12-31 23:59:00
4-0001170697,Oracle Fusion Inventory Management Cloud Service,Significant Impairment,Closed,2-Significant,"Oct 16, 2025","Oct 22, 2025",leonardo.guilherme@ninecon.com.br,2025-12-31 23:59:00
4-0001021362,Oracle Fusion Cost Management Cloud Service,Significant Impairment,Closed,2-Significant,"Aug 29, 2025","Oct 21, 2025",rosangela.nakano@ninecon.com.br,2025-12-31 23:59:00
4-0001153277,Oracle Fusion Assets Cloud Service,Significant Impairment,Closed,2-Significant,"Oct 10, 2025","Oct 20, 2025",roberto.costa@ninecon.com.br,2025-12-31 23:59:00
4-0001144404,Oracle Fusion Product Hub Cloud Service,Technical Issue,Closed,3-Standard,"Oct 8, 2025","Oct 20, 2025",braulio.filho@ninecon.com.br,2025-12-31 23:59:00
4-0001150271,Oracle Fusion Inventory Management Cloud Service,Significant Impairment,Closed,2-Significant,"Oct 9, 2025","Oct 16, 2025",leonardo.guilherme@ninecon.com.br,2025-12-31 23:59:00
4-0001120289,Oracle Fusion Tax Cloud Service,Technical Issue,Closed,3-Standard,"Sep 30, 2025","Oct 14, 2025",leonardo.guilherme@ninecon.com.br,2025-12-31 23:59:00
4-0001057816,Oracle Fusion Product Hub Cloud Service,Technical Issue,Closed,3-Standard,"Sep 10, 2025","Sep 22, 2025",vera.aveiro@ninecon.com.br,2025-12-31 23:59:00
4-0001010259,Oracle Fusion Global Human Resources Cloud Service,Technical Issue,Closed,3-Standard,"Aug 26, 2025","Sep 9, 2025",braulio.filho@ninecon.com.br,2025-12-31 23:59:00
4-0000901303,Oracle Transportation Management Cloud Service,Significant Impairment,Closed,2-Significant,"Jul 23, 2025","Aug 10, 2025",douglas.sampaio@ninecon.com.br,2025-12-31 23:59:00
4-0000863632,Oracle Fusion Financials for the Americas,Significant Impairment,Closed,2-Significant,"Jul 11, 2025","Jul 21, 2025",jean.bejes@ninecon.com.br,2025-12-31 23:59:00
4-0000809776,Latin America Cloud Local Solution (LACLS),Significant Impairment,Closed,2-Significant,"Jun 25, 2025","Jul 20, 2025",jean.bejes@ninecon.com.br,2025-12-31 23:59:00
4-0000716827,Oracle Fusion Financials Common Module Cloud Service,Technical Issue,Closed,3-Standard,"May 27, 2025","Jun 22, 2025",ti@plumaagroavicola.com.br,2025-12-31 23:59:00
4-0000711919,Oracle Fusion Purchasing Cloud Service,Technical Issue,Closed,3-Standard,"May 26, 2025","Jun 16, 2025",mateus.fetzner@plumaagro.com.br,2025-12-31 23:59:00
4-0000612159,Oracle Fusion Self Service Procurement Cloud Service,Technical Issue,Closed,3-Standard,"Apr 25, 2025","Jun 11, 2025",mateus.fetzner@plumaagro.com.br,2025-12-31 23:59:00
4-0000672177,Oracle Fusion Purchasing Cloud Service,Technical Issue,Closed,3-Standard,"May 14, 2025","Jun 10, 2025",mateus.fetzner@plumaagro.com.br,2025-12-31 23:59:00
4-0000608416,Oracle Fusion Purchasing Cloud Service,Technical Issue,Closed,3-Standard,"Apr 24, 2025","May 20, 2025",mateus.fetzner@plumaagro.com.br,2025-12-31 23:59:00
4-0000608052,Oracle Fusion Purchasing Cloud Service,Technical Issue,Closed,3-Standard,"Apr 24, 2025","May 18, 2025",mateus.fetzner@plumaagro.com.br,2025-12-31 23:59:00
4-0000605130,Oracle Fusion Self Service Procurement Cloud Service,Technical Issue,Closed,3-Standard,"Apr 23, 2025","May 12, 2025",mateus.fetzner@plumaagro.com.br,2025-12-31 23:59:00
4-0000535219,Oracle Fusion Purchasing Cloud Service,Technical Issue,Closed,3-Standard,"Apr 2, 2025","Apr 28, 2025",mateus.fetzner@plumaagro.com.br,2025-12-31 23:59:00
4-0000565012,Oracle Fusion Inventory Management Cloud Service,Technical Issue,Closed,3-Standard,"Apr 10, 2025","Apr 24, 2025",leonardo.guilherme@ninecon.com.br,2025-12-31 23:59:00
4-0000534967,Oracle Fusion Procurement Contracts Cloud Service,Technical Issue,Closed,3-Standard,"Apr 2, 2025","Apr 22, 2025",mateus.fetzner@plumaagro.com.br,2025-12-31 23:59:00
